,HUGO Name,# of Categories,Adhesion,Antigen Processing,B-Cell Functions,Cell Cycle,Cell Functions,Chemokines,Complement,Cytokines,Cytotoxicity,Interleukins,Leukocyte Functions,Macrophage Functions,Microglial Functions,NK Cell Functions,Pathogen Defense,Regulation,Senescence,T-Cell Functions,TLR,TNF Super family,Transporter Functions
0,CX3CR1,2,-,-,-,-,-,+,-,-,-,-,-,-,+,-,-,-,-,-,-,-,-
1,TLR1,2,-,-,-,-,-,-,-,-,-,-,-,-,+,-,-,-,-,-,+,-,-
2,TLR3,2,-,-,-,-,-,-,-,-,-,-,-,-,+,-,-,-,-,-,+,-,-
3,TLR4,2,-,-,-,-,-,-,-,-,-,-,-,-,+,-,-,-,-,-,+,-,-
4,TLR7,2,-,-,-,-,-,-,-,-,-,-,-,-,+,-,-,-,-,-,+,-,-
5,TNFSF10,4,-,-,-,+,-,-,-,+,-,-,-,-,-,-,-,+,-,-,-,+,-
6,HLA-DOB,2,-,+,-,-,-,-,-,+,-,-,-,-,-,-,-,-,-,-,-,-,-
7,CCL3L1,1,-,-,-,-,-,-,-,+,-,-,-,-,-,-,-,-,-,-,-,-,-
8,CCL5,2,-,-,-,-,-,+,-,+,-,-,-,-,-,-,-,-,-,-,-,-,-
9,CCR1,6,-,-,+,-,+,+,-,+,-,-,-,-,-,-,-,+,-,+,-,-,-
10,CCR2,1,-,-,-,-,-,-,-,+,-,-,-,-,-,-,-,-,-,-,-,-,-
11,CCR4,6,-,-,+,-,+,+,-,+,-,-,-,-,-,-,-,+,-,+,-,-,-
12,CCR5,4,-,-,+,-,+,-,-,+,-,-,-,-,-,-,-,-,-,+,-,-,-
13,CD70,5,-,-,+,-,+,-,-,+,-,-,-,-,-,-,-,-,-,+,-,+,-
14,CSF2,3,-,-,-,-,-,-,-,+,-,-,-,+,-,-,-,+,-,-,-,-,-
15,CSF3R,1,-,-,-,-,-,-,-,+,-,-,-,-,-,-,-,-,-,-,-,-,-
16,CXCL10,7,-,-,+,-,+,+,-,+,-,-,-,-,-,-,+,+,-,+,-,-,-
17,CXCL8,5,-,-,-,-,-,+,-,+,-,+,-,-,-,-,+,+,-,-,-,-,-
18,EBI3,1,-,-,-,-,-,-,-,+,-,-,-,-,-,-,-,-,-,-,-,-,-
19,FLT3LG,1,-,-,-,-,-,-,-,+,-,-,-,-,-,-,-,-,-,-,-,-,-
20,FOXP3,4,-,-,+,-,+,-,-,+,-,-,-,-,-,-,-,-,-,+,-,-,-
21,IDO1,4,-,-,+,-,+,-,-,+,-,-,-,-,-,-,-,-,-,+,-,-,-
22,IFNG,5,-,-,+,-,+,-,-,+,-,+,-,-,-,-,-,-,-,+,-,-,-
23,IFNL1,2,-,-,-,-,-,-,-,+,-,+,-,-,-,-,-,-,-,-,-,-,-
24,IL10RA,1,-,-,-,-,-,-,-,+,-,-,-,-,-,-,-,-,-,-,-,-,-
25,IL11,5,-,-,+,-,+,-,-,+,-,+,-,-,-,-,-,-,-,+,-,-,-
26,IL12A,7,-,-,+,-,+,-,-,+,-,+,-,-,-,+,-,+,-,+,-,-,-
27,IL12B,6,-,-,+,-,+,-,-,+,-,+,-,-,-,+,-,-,-,+,-,-,-
28,IL12RB2,4,-,-,+,-,+,-,-,+,-,-,-,-,-,-,-,-,-,+,-,-,-
29,IL13,5,-,-,+,-,+,-,-,+,-,+,-,-,-,-,-,-,-,+,-,-,-
30,IL13RA1,4,-,-,+,-,+,-,-,+,-,-,-,-,-,-,-,-,-,+,-,-,-
31,IL17A,2,-,-,-,-,-,-,-,+,-,+,-,-,-,-,-,-,-,-,-,-,-
32,IL1A,2,-,-,-,-,-,-,-,+,-,+,-,-,-,-,-,-,-,-,-,-,-
33,IL1B,5,-,-,-,-,-,+,-,+,-,+,-,-,-,-,+,+,-,-,-,-,-
34,IL1R2,1,-,-,-,-,-,-,-,+,-,-,-,-,-,-,-,-,-,-,-,-,-
35,IL1RN,2,-,-,-,-,-,-,-,+,-,+,-,-,-,-,-,-,-,-,-,-,-
36,IL2,5,-,-,+,-,+,-,-,+,-,-,-,-,-,-,-,+,-,+,-,-,-
37,IL21,2,-,-,-,-,-,-,-,+,-,+,-,-,-,-,-,-,-,-,-,-,-
38,IL22,1,-,-,-,-,-,-,-,+,-,-,-,-,-,-,-,-,-,-,-,-,-
39,IL23R,1,-,-,-,-,-,-,-,+,-,-,-,-,-,-,-,-,-,-,-,-,-
40,IL24,2,-,-,-,-,-,-,-,+,-,+,-,-,-,-,-,-,-,-,-,-,-
41,IL26,2,-,-,-,-,-,-,-,+,-,+,-,-,-,-,-,-,-,-,-,-,-
42,IL2RB,1,-,-,-,-,-,-,-,+,-,-,-,-,-,-,-,-,-,-,-,-,-
43,IL4R,4,-,-,+,-,+,-,-,+,-,-,-,-,-,-,-,-,-,+,-,-,-
44,IL5,6,-,-,+,-,+,-,-,+,-,+,-,-,-,-,-,+,-,+,-,-,-
45,IL5RA,1,-,-,-,-,-,-,-,+,-,-,-,-,-,-,-,-,-,-,-,-,-
46,IL6R,1,-,-,-,-,-,-,-,+,-,-,-,-,-,-,-,-,-,-,-,-,-
47,IL7R,1,-,-,-,-,-,-,-,+,-,-,-,-,-,-,-,-,-,-,-,-,-
48,IL9,1,-,-,-,-,-,-,-,+,-,-,-,-,-,-,-,-,-,-,-,-,-
49,JAK1,2,-,-,-,-,-,-,-,+,-,-,-,-,-,-,-,+,-,-,-,-,-
50,JAK2,2,-,-,-,-,-,-,-,+,-,-,-,-,-,-,-,+,-,-,-,-,-
51,JAK3,2,-,-,-,-,-,-,-,+,-,-,-,-,-,-,-,+,-,-,-,-,-
52,LTB,2,-,-,-,-,-,-,-,+,-,-,-,-,-,-,-,-,-,-,-,+,-
53,NOD2,1,-,-,-,-,-,-,-,+,-,-,-,-,-,-,-,-,-,-,-,-,-
54,OAS3,2,-,-,-,-,-,-,-,+,-,-,-,-,-,-,+,-,-,-,-,-,-
55,PTGS2,1,-,-,-,-,-,-,-,+,-,-,-,-,-,-,-,-,-,-,-,-,-
56,SPP1,1,-,-,-,-,-,-,-,+,-,-,-,-,-,-,-,-,-,-,-,-,-
57,TNFSF14,6,-,-,+,-,+,-,-,+,-,-,-,-,-,-,-,+,-,+,-,+,-
58,TNFSF8,2,-,-,-,-,-,-,-,+,-,-,-,-,-,-,-,-,-,-,-,+,-
59,TYK2,3,-,-,-,-,-,-,-,+,-,-,-,-,-,-,+,+,-,-,-,-,-
60,VEGFA,2,-,-,-,-,-,-,-,+,-,-,+,-,-,-,-,-,-,-,-,-,-
61,THBS1,3,-,+,-,+,-,-,-,-,-,-,-,-,-,-,-,+,-,-,-,-,-
62,ABL1,3,-,-,-,+,-,-,-,-,-,-,-,-,-,-,-,+,+,-,-,-,-
63,ATM,1,-,-,-,+,-,-,-,-,-,-,-,-,-,-,-,-,-,-,-,-,-
64,BAX,2,-,-,-,+,-,-,-,-,-,-,-,-,-,-,-,+,-,-,-,-,-
65,BCL2,1,-,-,-,+,-,-,-,-,-,-,-,-,-,-,-,-,-,-,-,-,-
66,BID,2,-,-,-,+,-,-,-,-,-,-,-,-,-,-,-,+,-,-,-,-,-
67,BIRC5,1,-,-,-,+,-,-,-,-,-,-,-,-,-,-,-,-,-,-,-,-,-
68,CASP3,2,-,-,-,+,-,-,-,-,-,-,-,-,-,-,-,+,-,-,-,-,-
69,CCND3,1,-,-,-,+,-,-,-,-,-,-,-,-,-,-,-,-,-,-,-,-,-
70,CDKN1A,3,-,-,-,+,-,-,-,-,-,-,-,-,-,-,-,+,+,-,-,-,-
71,CXCR4,6,-,-,+,+,+,+,-,-,-,-,-,-,-,-,-,+,-,+,-,-,-
72,NUP107,1,-,-,-,+,-,-,-,-,-,-,-,-,-,-,-,-,-,-,-,-,-
73,CD1E,1,-,+,-,-,-,-,-,-,-,-,-,-,-,-,-,-,-,-,-,-,-
74,CD8A,5,-,+,+,-,+,-,-,-,-,-,-,-,-,-,+,-,-,+,-,-,-
75,HLA-A,3,-,+,-,-,-,-,-,-,+,-,-,-,-,-,-,+,-,-,-,-,-
76,HLA-B,3,-,+,-,-,-,-,-,-,+,-,-,-,-,-,-,+,-,-,-,-,-
77,HLA-C,3,-,+,-,-,-,-,-,-,+,-,-,-,-,-,-,+,-,-,-,-,-
78,HLA-DMA,2,-,+,-,-,-,-,-,-,-,-,-,-,-,-,-,+,-,-,-,-,-
79,HLA-DMB,1,-,+,-,-,-,-,-,-,-,-,-,-,-,-,-,-,-,-,-,-,-
80,HLA-DPA1,1,-,+,-,-,-,-,-,-,-,-,-,-,-,-,-,-,-,-,-,-,-
81,HLA-DPB1,1,-,+,-,-,-,-,-,-,-,-,-,-,-,-,-,-,-,-,-,-,-
82,HLA-DQA1,1,-,+,-,-,-,-,-,-,-,-,-,-,-,-,-,-,-,-,-,-,-
83,HLA-DQB1,1,-,+,-,-,-,-,-,-,-,-,-,-,-,-,-,-,-,-,-,-,-
84,HLA-DRA,1,-,+,-,-,-,-,-,-,-,-,-,-,-,-,-,-,-,-,-,-,-
85,HLA-DRB3,1,-,+,-,-,-,-,-,-,-,-,-,-,-,-,-,-,-,-,-,-,-
86,HLA-DRB4,1,-,+,-,-,-,-,-,-,-,-,-,-,-,-,-,-,-,-,-,-,-
87,MR1,1,-,+,-,-,-,-,-,-,-,-,-,-,-,-,-,-,-,-,-,-,-
88,PSMB7,1,-,+,-,-,-,-,-,-,-,-,-,-,-,-,-,-,-,-,-,-,-
89,PSMB9,1,-,+,-,-,-,-,-,-,-,-,-,-,-,-,-,-,-,-,-,-,-
90,TAP1,1,-,+,-,-,-,-,-,-,-,-,-,-,-,-,-,-,-,-,-,-,-
91,TAP2,1,-,+,-,-,-,-,-,-,-,-,-,-,-,-,-,-,-,-,-,-,-
92,TAPBP,1,-,+,-,-,-,-,-,-,-,-,-,-,-,-,-,-,-,-,-,-,-
93,ALCAM,1,+,-,-,-,-,-,-,-,-,-,-,-,-,-,-,-,-,-,-,-,-
94,CEACAM1,1,+,-,-,-,-,-,-,-,-,-,-,-,-,-,-,-,-,-,-,-,-
95,CEACAM6,1,+,-,-,-,-,-,-,-,-,-,-,-,-,-,-,-,-,-,-,-,-
96,CEACAM8,2,+,-,-,-,-,+,-,-,-,-,-,-,-,-,-,-,-,-,-,-,-
97,EPCAM,2,+,-,-,-,+,-,-,-,-,-,-,-,-,-,-,-,-,-,-,-,-
98,ICAM1,2,+,-,-,-,-,-,-,-,-,-,-,-,-,-,-,+,-,-,-,-,-
99,ICAM2,2,+,-,-,-,-,-,-,-,-,-,-,-,-,-,-,+,-,-,-,-,-
100,ICAM3,2,+,-,-,-,-,-,-,-,-,-,-,-,-,-,-,+,-,-,-,-,-
101,ICAM4,2,+,-,-,-,-,-,-,-,-,-,-,-,-,-,-,+,-,-,-,-,-
102,ITGA1,4,+,-,+,-,+,-,-,-,-,-,-,-,-,-,-,-,-,+,-,-,-
103,ITGA2,1,+,-,-,-,-,-,-,-,-,-,-,-,-,-,-,-,-,-,-,-,-
104,ITGA2B,1,+,-,-,-,-,-,-,-,-,-,-,-,-,-,-,-,-,-,-,-,-
105,ITGA4,2,+,-,-,-,-,-,-,-,-,-,-,-,-,-,-,+,-,-,-,-,-
106,ITGA5,1,+,-,-,-,-,-,-,-,-,-,-,-,-,-,-,-,-,-,-,-,-
107,ITGA6,1,+,-,-,-,-,-,-,-,-,-,-,-,-,-,-,-,-,-,-,-,-
108,ITGAE,1,+,-,-,-,-,-,-,-,-,-,-,-,-,-,-,-,-,-,-,-,-
109,ITGAL,2,+,-,-,-,-,-,-,-,-,-,-,-,-,-,-,+,-,-,-,-,-
110,ITGAM,2,+,-,-,-,-,-,-,-,-,-,-,-,-,-,-,-,-,-,-,-,+
111,ITGAX,1,+,-,-,-,-,-,-,-,-,-,-,-,-,-,-,-,-,-,-,-,-
112,ITGB1,2,+,-,-,-,-,-,-,-,-,-,-,-,-,-,-,+,-,-,-,-,-
113,ITGB2,2,+,-,-,-,-,-,-,-,-,-,-,-,-,-,-,+,-,-,-,-,-
114,ITGB3,1,+,-,-,-,-,-,-,-,-,-,-,-,-,-,-,-,-,-,-,-,-
115,ITGB4,1,+,-,-,-,-,-,-,-,-,-,-,-,-,-,-,-,-,-,-,-,-
116,MCAM,1,+,-,-,-,-,-,-,-,-,-,-,-,-,-,-,-,-,-,-,-,-
117,VCAM1,2,+,-,-,-,-,-,-,-,-,-,-,-,-,-,-,+,-,-,-,-,-
118,A2M,1,-,-,-,-,-,+,-,-,-,-,-,-,-,-,-,-,-,-,-,-,-
119,ABCB1,0,-,-,-,-,-,-,-,-,-,-,-,-,-,-,-,-,-,-,-,-,-
120,ADA,3,-,-,+,-,+,-,-,-,-,-,-,-,-,-,-,-,-,+,-,-,-
121,ADORA2A,1,-,-,-,-,+,-,-,-,-,-,-,-,-,-,-,-,-,-,-,-,-
122,AICDA,3,-,-,+,-,+,-,-,-,-,-,-,-,-,-,-,-,-,+,-,-,-
123,AIRE,0,-,-,-,-,-,-,-,-,-,-,-,-,-,-,-,-,-,-,-,-,-
124,AKT3,1,-,-,-,-,+,-,-,-,-,-,-,-,-,-,-,-,-,-,-,-,-
125,AMBP,1,-,-,-,-,-,-,-,-,-,-,-,-,-,-,-,+,-,-,-,-,-
126,AMICA1,1,-,-,-,-,-,-,-,-,-,-,-,-,-,-,-,+,-,-,-,-,-
127,ANP32B,1,-,-,-,-,+,-,-,-,-,-,-,-,-,-,-,-,-,-,-,-,-
128,ANXA1,1,-,-,-,-,-,-,-,-,-,-,-,-,-,-,-,-,-,-,-,-,+
129,APOE,1,-,-,-,-,-,-,-,-,-,-,-,-,-,-,-,-,-,-,-,-,+
130,APP,0,-,-,-,-,-,-,-,-,-,-,-,-,-,-,-,-,-,-,-,-,-
131,ARG1,0,-,-,-,-,-,-,-,-,-,-,-,-,-,-,-,-,-,-,-,-,-
132,ARG2,0,-,-,-,-,-,-,-,-,-,-,-,-,-,-,-,-,-,-,-,-,-
133,ATF1,0,-,-,-,-,-,-,-,-,-,-,-,-,-,-,-,-,-,-,-,-,-
134,ATF2,0,-,-,-,-,-,-,-,-,-,-,-,-,-,-,-,-,-,-,-,-,-
135,ATG10,1,-,-,-,-,-,-,-,-,-,-,-,-,-,-,-,-,-,-,-,-,+
136,ATG12,0,-,-,-,-,-,-,-,-,-,-,-,-,-,-,-,-,-,-,-,-,-
137,ATG16L1,1,-,-,-,-,-,-,-,-,-,-,-,-,-,-,-,-,-,-,-,-,+
138,ATG5,0,-,-,-,-,-,-,-,-,-,-,-,-,-,-,-,-,-,-,-,-,-
139,ATG7,1,-,-,-,-,-,-,-,-,-,-,-,-,-,-,-,-,-,-,-,-,+
140,AXL,0,-,-,-,-,-,-,-,-,-,-,-,-,-,-,-,-,-,-,-,-,-
141,BATF,1,-,-,-,-,+,-,-,-,-,-,-,-,-,-,-,-,-,-,-,-,-
142,BCL10,0,-,-,-,-,-,-,-,-,-,-,-,-,-,-,-,-,-,-,-,-,-
143,BCL2L1,0,-,-,-,-,-,-,-,-,-,-,-,-,-,-,-,-,-,-,-,-,-
144,BCL6,1,-,-,-,-,-,-,-,-,-,-,-,-,-,-,-,+,-,-,-,-,-
145,BLK,3,-,-,+,-,+,-,-,-,-,-,-,-,-,-,-,-,-,+,-,-,-
146,BLNK,0,-,-,-,-,-,-,-,-,-,-,-,-,-,-,-,-,-,-,-,-,-
147,BMI1,0,-,-,-,-,-,-,-,-,-,-,-,-,-,-,-,-,-,-,-,-,-
148,BST1,0,-,-,-,-,-,-,-,-,-,-,-,-,-,-,-,-,-,-,-,-,-
149,BST2,0,-,-,-,-,-,-,-,-,-,-,-,-,-,-,-,-,-,-,-,-,-
150,BTK,0,-,-,-,-,-,-,-,-,-,-,-,-,-,-,-,-,-,-,-,-,-
151,BTLA,1,-,-,-,-,+,-,-,-,-,-,-,-,-,-,-,-,-,-,-,-,-
152,C1QA,1,-,-,-,-,-,-,+,-,-,-,-,-,-,-,-,-,-,-,-,-,-
153,C1QB,1,-,-,-,-,-,-,+,-,-,-,-,-,-,-,-,-,-,-,-,-,-
154,C1QBP,1,-,-,-,-,-,+,-,-,-,-,-,-,-,-,-,-,-,-,-,-,-
155,C1R,1,-,-,-,-,-,-,+,-,-,-,-,-,-,-,-,-,-,-,-,-,-
156,C1S,1,-,-,-,-,-,-,+,-,-,-,-,-,-,-,-,-,-,-,-,-,-
157,C2,1,-,-,-,-,-,-,+,-,-,-,-,-,-,-,-,-,-,-,-,-,-
158,C3,1,-,-,-,-,-,-,-,-,-,-,-,-,-,-,-,+,-,-,-,-,-
159,C3AR1,1,-,-,-,-,-,-,-,-,-,-,-,-,-,-,-,+,-,-,-,-,-
160,C4B,1,-,-,-,-,-,-,+,-,-,-,-,-,-,-,-,-,-,-,-,-,-
161,C4BPA,1,-,-,-,-,-,-,+,-,-,-,-,-,-,-,-,-,-,-,-,-,-
162,C5,1,-,-,-,-,-,-,+,-,-,-,-,-,-,-,-,-,-,-,-,-,-
163,C6,1,-,-,-,-,-,-,+,-,-,-,-,-,-,-,-,-,-,-,-,-,-
164,C7,1,-,-,-,-,-,-,+,-,-,-,-,-,-,-,-,-,-,-,-,-,-
165,C8A,1,-,-,-,-,-,-,+,-,-,-,-,-,-,-,-,-,-,-,-,-,-
166,C8B,1,-,-,-,-,-,-,+,-,-,-,-,-,-,-,-,-,-,-,-,-,-
167,C8G,1,-,-,-,-,-,-,+,-,-,-,-,-,-,-,-,-,-,-,-,-,-
168,C9,1,-,-,-,-,-,-,+,-,-,-,-,-,-,-,-,-,-,-,-,-,-
169,CAMP,0,-,-,-,-,-,-,-,-,-,-,-,-,-,-,-,-,-,-,-,-,-
170,CARD11,1,-,-,-,-,-,-,-,-,-,-,-,-,-,-,-,+,-,-,-,-,-
171,CARD9,0,-,-,-,-,-,-,-,-,-,-,-,-,-,-,-,-,-,-,-,-,-
172,CASP1,0,-,-,-,-,-,-,-,-,-,-,-,-,-,-,-,-,-,-,-,-,-
173,CASP10,0,-,-,-,-,-,-,-,-,-,-,-,-,-,-,-,-,-,-,-,-,-
174,CASP8,0,-,-,-,-,-,-,-,-,-,-,-,-,-,-,-,-,-,-,-,-,-
175,CCL1,1,-,-,-,-,-,+,-,-,-,-,-,-,-,-,-,-,-,-,-,-,-
176,CCL11,1,-,-,-,-,-,+,-,-,-,-,-,-,-,-,-,-,-,-,-,-,-
177,CCL13,1,-,-,-,-,-,+,-,-,-,-,-,-,-,-,-,-,-,-,-,-,-
178,CCL14,1,-,-,-,-,-,+,-,-,-,-,-,-,-,-,-,-,-,-,-,-,-
179,CCL15,1,-,-,-,-,-,+,-,-,-,-,-,-,-,-,-,-,-,-,-,-,-
180,CCL16,2,-,-,-,-,-,+,-,-,-,-,-,-,-,-,-,+,-,-,-,-,-
181,CCL17,1,-,-,-,-,-,+,-,-,-,-,-,-,-,-,-,-,-,-,-,-,-
182,CCL18,1,-,-,-,-,-,+,-,-,-,-,-,-,-,-,-,-,-,-,-,-,-
183,CCL19,2,-,-,-,-,-,+,-,-,-,-,-,-,-,-,-,+,-,-,-,-,-
184,CCL2,1,-,-,-,-,-,+,-,-,-,-,-,-,-,-,-,-,-,-,-,-,-
185,CCL20,1,-,-,-,-,-,+,-,-,-,-,-,-,-,-,-,-,-,-,-,-,-
186,CCL21,2,-,-,-,-,-,+,-,-,-,-,-,-,-,-,-,+,-,-,-,-,-
187,CCL22,2,-,-,-,-,-,+,-,-,-,-,-,-,-,-,+,-,-,-,-,-,-
188,CCL23,2,-,-,-,-,-,+,-,-,-,-,-,-,-,-,-,+,-,-,-,-,-
189,CCL24,2,-,-,-,-,-,+,-,-,-,-,-,-,-,-,-,+,-,-,-,-,-
190,CCL25,2,-,-,-,-,-,+,+,-,-,-,-,-,-,-,-,-,-,-,-,-,-
191,CCL26,1,-,-,-,-,-,+,-,-,-,-,-,-,-,-,-,-,-,-,-,-,-
192,CCL27,1,-,-,-,-,-,+,-,-,-,-,-,-,-,-,-,-,-,-,-,-,-
193,CCL28,1,-,-,-,-,-,+,-,-,-,-,-,-,-,-,-,-,-,-,-,-,-
194,CCL3,2,-,-,-,-,-,+,-,-,-,-,-,-,-,-,-,+,-,-,-,-,-
195,CCL4,2,-,-,-,-,-,+,-,-,-,-,-,-,-,-,-,+,-,-,-,-,-
196,CCL7,1,-,-,-,-,-,+,-,-,-,-,-,-,-,-,-,-,-,-,-,-,-
197,CCL8,2,-,-,-,-,-,+,-,-,-,-,-,-,-,-,-,+,-,-,-,-,-
198,CCR3,1,-,-,-,-,-,+,-,-,-,-,-,-,-,-,-,-,-,-,-,-,-
199,CCR6,0,-,-,-,-,-,-,-,-,-,-,-,-,-,-,-,-,-,-,-,-,-
200,CCR7,2,-,-,-,-,-,+,-,-,-,-,-,-,-,-,-,+,-,-,-,-,-
201,CCR9,0,-,-,-,-,-,-,-,-,-,-,-,-,-,-,-,-,-,-,-,-,-
202,CCRL2,1,-,-,-,-,-,+,-,-,-,-,-,-,-,-,-,-,-,-,-,-,-
203,CD14,0,-,-,-,-,-,-,-,-,-,-,-,-,-,-,-,-,-,-,-,-,-
204,CD160,1,-,-,-,-,-,-,-,-,-,-,-,-,-,-,-,+,-,-,-,-,-
205,CD163,1,-,-,-,-,-,-,-,-,-,-,-,-,-,-,-,-,-,-,-,-,+
206,CD164,0,-,-,-,-,-,-,-,-,-,-,-,-,-,-,-,-,-,-,-,-,-
207,CD180,0,-,-,-,-,-,-,-,-,-,-,-,-,-,-,-,-,-,-,-,-,-
208,CD19,4,-,-,+,-,+,-,-,-,-,-,-,-,-,-,-,+,-,+,-,-,-
209,CD1A,1,-,-,-,-,+,-,-,-,-,-,-,-,-,-,-,-,-,-,-,-,-
210,CD1B,1,-,-,-,-,+,-,-,-,-,-,-,-,-,-,-,-,-,-,-,-,-
211,CD1C,3,-,-,+,-,+,-,-,-,-,-,-,-,-,-,-,-,-,+,-,-,-
212,CD1D,3,-,-,+,-,+,-,-,-,-,-,-,-,-,-,-,-,-,+,-,-,-
213,CD2,4,-,-,+,-,+,-,-,-,-,-,+,-,-,-,-,-,-,+,-,-,-
214,CD200,1,-,-,-,-,-,-,-,-,-,-,-,-,-,-,-,+,-,-,-,-,-
215,CD207,0,-,-,-,-,-,-,-,-,-,-,-,-,-,-,-,-,-,-,-,-,-
216,CD209,1,-,-,-,-,+,-,-,-,-,-,-,-,-,-,-,-,-,-,-,-,-
217,CD22,0,-,-,-,-,-,-,-,-,-,-,-,-,-,-,-,-,-,-,-,-,-
218,CD24,0,-,-,-,-,-,-,-,-,-,-,-,-,-,-,-,-,-,-,-,-,-
219,CD244,0,-,-,-,-,-,-,-,-,-,-,-,-,-,-,-,-,-,-,-,-,-
220,CD247,1,-,-,-,-,-,-,-,-,-,-,-,-,-,-,-,+,-,-,-,-,-
221,CD27,3,-,-,+,-,+,-,-,-,-,-,-,-,-,-,-,-,-,+,-,-,-
222,CD274,3,-,-,+,-,+,-,-,-,-,-,-,-,-,-,-,-,-,+,-,-,-
223,CD276,1,-,-,-,-,-,-,-,-,-,-,-,-,-,-,-,+,-,-,-,-,-
224,CD28,0,-,-,-,-,-,-,-,-,-,-,-,-,-,-,-,-,-,-,-,-,-
225,CD33,0,-,-,-,-,-,-,-,-,-,-,-,-,-,-,-,-,-,-,-,-,-
226,CD34,1,-,-,-,-,-,-,-,-,-,-,-,-,-,-,-,+,-,-,-,-,-
227,CD36,1,-,-,-,-,-,-,-,-,-,-,-,-,-,-,-,-,-,-,-,-,+
228,CD37,0,-,-,-,-,-,-,-,-,-,-,-,-,-,-,-,-,-,-,-,-,-
229,CD38,4,-,-,+,-,+,-,-,-,-,-,-,-,-,-,-,+,-,+,-,-,-
230,CD3D,1,-,-,-,-,-,-,-,-,-,-,-,-,-,-,-,+,-,-,-,-,-
231,CD3E,3,-,-,+,-,+,-,-,-,-,-,-,-,-,-,-,-,-,+,-,-,-
232,CD3EAP,1,-,-,-,-,-,-,-,-,-,-,-,-,-,-,-,+,-,-,-,-,-
233,CD3G,4,-,-,+,-,+,-,-,-,-,-,-,-,-,-,-,+,-,+,-,-,-
234,CD4,0,-,-,-,-,-,-,-,-,-,-,-,-,-,-,-,-,-,-,-,-,-
235,CD40,1,-,-,-,-,-,-,-,-,-,-,-,-,-,-,-,+,-,-,-,-,-
236,CD40LG,1,-,-,-,-,-,-,-,-,-,-,-,-,-,-,-,+,-,-,-,-,-
237,CD44,2,-,-,-,-,-,-,-,-,-,-,-,-,-,-,-,-,+,-,-,-,+
238,CD46,0,-,-,-,-,-,-,-,-,-,-,-,-,-,-,-,-,-,-,-,-,-
239,CD47,5,-,-,+,-,+,-,-,-,-,-,-,-,-,-,-,+,-,+,-,-,+
240,CD48,0,-,-,-,-,-,-,-,-,-,-,-,-,-,-,-,-,-,-,-,-,-
241,CD5,4,-,-,+,-,+,-,-,-,-,-,-,-,-,-,-,+,-,+,-,-,-
242,CD53,0,-,-,-,-,-,-,-,-,-,-,-,-,-,-,-,-,-,-,-,-,-
243,CD55,0,-,-,-,-,-,-,-,-,-,-,-,-,-,-,-,-,-,-,-,-,-
244,CD58,0,-,-,-,-,-,-,-,-,-,-,-,-,-,-,-,-,-,-,-,-,-
245,CD59,0,-,-,-,-,-,-,-,-,-,-,-,-,-,-,-,-,-,-,-,-,-
246,CD6,1,-,-,-,-,+,-,-,-,-,-,-,-,-,-,-,-,-,-,-,-,-
247,CD63,0,-,-,-,-,-,-,-,-,-,-,-,-,-,-,-,-,-,-,-,-,-
248,CD68,1,-,-,-,-,+,-,-,-,-,-,-,-,-,-,-,-,-,-,-,-,-
249,CD7,4,-,-,+,-,+,-,-,-,-,-,-,-,-,-,-,+,-,+,-,-,-
250,CD74,0,-,-,-,-,-,-,-,-,-,-,-,-,-,-,-,-,-,-,-,-,-
251,CD79A,0,-,-,-,-,-,-,-,-,-,-,-,-,-,-,-,-,-,-,-,-,-
252,CD79B,3,-,-,+,-,+,-,-,-,-,-,-,-,-,-,-,-,-,+,-,-,-
253,CD80,4,-,-,+,-,+,-,-,-,-,-,-,-,-,-,-,+,-,+,-,-,-
254,CD81,1,-,-,-,-,-,-,-,-,-,-,-,-,-,-,-,+,-,-,-,-,-
255,CD83,0,-,-,-,-,-,-,-,-,-,-,-,-,-,-,-,-,-,-,-,-,-
256,CD84,0,-,-,-,-,-,-,-,-,-,-,-,-,-,-,-,-,-,-,-,-,-
257,CD86,4,-,-,+,-,+,-,-,-,-,-,-,-,-,-,-,+,-,+,-,-,-
258,CD8B,4,-,-,+,-,+,-,-,-,-,-,-,-,-,-,-,+,-,+,-,-,-
259,CD9,0,-,-,-,-,-,-,-,-,-,-,-,-,-,-,-,-,-,-,-,-,-
260,CD96,1,-,-,-,-,-,-,-,-,-,-,-,-,-,-,-,+,-,-,-,-,-
261,CD97,0,-,-,-,-,-,-,-,-,-,-,-,-,-,-,-,-,-,-,-,-,-
262,CD99,0,-,-,-,-,-,-,-,-,-,-,-,-,-,-,-,-,-,-,-,-,-
263,CDH1,1,-,-,-,-,-,-,-,-,-,-,-,-,-,-,-,+,-,-,-,-,-
264,CDH5,0,-,-,-,-,-,-,-,-,-,-,-,-,-,-,-,-,-,-,-,-,-
265,CDK1,0,-,-,-,-,-,-,-,-,-,-,-,-,-,-,-,-,-,-,-,-,-
266,CEBPB,0,-,-,-,-,-,-,-,-,-,-,-,-,-,-,-,-,-,-,-,-,-
267,CFB,0,-,-,-,-,-,-,-,-,-,-,-,-,-,-,-,-,-,-,-,-,-
268,CFD,0,-,-,-,-,-,-,-,-,-,-,-,-,-,-,-,-,-,-,-,-,-
269,CFI,0,-,-,-,-,-,-,-,-,-,-,-,-,-,-,-,-,-,-,-,-,-
270,CFP,0,-,-,-,-,-,-,-,-,-,-,-,-,-,-,-,-,-,-,-,-,-
271,CHIT1,1,-,-,-,-,+,-,-,-,-,-,-,-,-,-,-,-,-,-,-,-,-
272,CHUK,0,-,-,-,-,-,-,-,-,-,-,-,-,-,-,-,-,-,-,-,-,-
273,CKLF,1,-,-,-,-,-,+,-,-,-,-,-,-,-,-,-,-,-,-,-,-,-
274,CLEC4A,0,-,-,-,-,-,-,-,-,-,-,-,-,-,-,-,-,-,-,-,-,-
275,CLEC4C,0,-,-,-,-,-,-,-,-,-,-,-,-,-,-,-,-,-,-,-,-,-
276,CLEC5A,0,-,-,-,-,-,-,-,-,-,-,-,-,-,-,-,-,-,-,-,-,-
277,CLEC6A,0,-,-,-,-,-,-,-,-,-,-,-,-,-,-,-,-,-,-,-,-,-
278,CLEC7A,0,-,-,-,-,-,-,-,-,-,-,-,-,-,-,-,-,-,-,-,-,-
279,CLU,0,-,-,-,-,-,-,-,-,-,-,-,-,-,-,-,-,-,-,-,-,-
280,CMA1,1,-,-,-,-,-,-,-,-,-,-,-,-,-,-,-,+,-,-,-,-,-
281,CMKLR1,1,-,-,-,-,-,+,-,-,-,-,-,-,-,-,-,-,-,-,-,-,-
282,COL3A1,1,-,-,-,-,-,-,-,-,-,-,-,-,-,-,-,+,-,-,-,-,-
283,COLEC12,0,-,-,-,-,-,-,-,-,-,-,-,-,-,-,-,-,-,-,-,-,-
284,CR1,0,-,-,-,-,-,-,-,-,-,-,-,-,-,-,-,-,-,-,-,-,-
285,CR2,1,-,-,-,-,+,-,-,-,-,-,-,-,-,-,-,-,-,-,-,-,-
286,CREB1,0,-,-,-,-,-,-,-,-,-,-,-,-,-,-,-,-,-,-,-,-,-
287,CREB5,0,-,-,-,-,-,-,-,-,-,-,-,-,-,-,-,-,-,-,-,-,-
288,CREBBP,0,-,-,-,-,-,-,-,-,-,-,-,-,-,-,-,-,-,-,-,-,-
289,CRP,1,-,-,-,-,-,-,-,-,-,-,-,-,-,-,-,-,-,-,-,-,+
290,CSF1,0,-,-,-,-,-,-,-,-,-,-,-,-,-,-,-,-,-,-,-,-,-
291,CSF1R,0,-,-,-,-,-,-,-,-,-,-,-,-,-,-,-,-,-,-,-,-,-
292,CSF2RB,1,-,-,-,-,-,+,-,-,-,-,-,-,-,-,-,-,-,-,-,-,-
293,CSF3,1,-,-,-,-,+,-,-,-,-,-,-,-,-,-,-,-,-,-,-,-,-
294,CTLA4,3,-,-,+,-,+,-,-,-,-,-,-,-,-,-,-,-,-,+,-,-,-
295,CTSG,2,-,-,-,-,-,-,-,-,-,-,-,-,-,-,+,+,-,-,-,-,-
296,CTSH,0,-,-,-,-,-,-,-,-,-,-,-,-,-,-,-,-,-,-,-,-,-
297,CTSL,0,-,-,-,-,-,-,-,-,-,-,-,-,-,-,-,-,-,-,-,-,-
298,CTSS,0,-,-,-,-,-,-,-,-,-,-,-,-,-,-,-,-,-,-,-,-,-
299,CTSW,1,-,-,-,-,-,-,-,-,-,-,-,-,-,-,-,-,-,-,-,-,+
300,CX3CL1,4,-,-,+,-,+,+,-,-,-,-,-,-,-,-,-,-,-,+,-,-,-
301,CXCL1,2,-,-,-,-,-,+,-,-,-,-,-,-,-,-,-,+,-,-,-,-,-
302,CXCL11,4,-,-,+,-,+,+,-,-,-,-,-,-,-,-,-,-,-,+,-,-,-
303,CXCL12,1,-,-,-,-,-,+,-,-,-,-,-,-,-,-,-,-,-,-,-,-,-
304,CXCL13,1,-,-,-,-,-,+,-,-,-,-,-,-,-,-,-,-,-,-,-,-,-
305,CXCL14,1,-,-,-,-,-,+,-,-,-,-,-,-,-,-,-,-,-,-,-,-,-
306,CXCL16,1,-,-,-,-,-,+,-,-,-,-,-,-,-,-,-,-,-,-,-,-,-
307,CXCL2,2,-,-,-,-,-,+,-,-,-,-,-,-,-,-,-,+,-,-,-,-,-
308,CXCL3,2,-,-,-,-,-,+,-,-,-,-,-,-,-,-,-,+,-,-,-,-,-
309,CXCL5,1,-,-,-,-,-,+,-,-,-,-,-,-,-,-,-,-,-,-,-,-,-
310,CXCL6,2,-,-,-,-,-,+,-,-,-,-,-,-,-,-,-,+,-,-,-,-,-
311,CXCL9,5,-,-,+,-,+,+,-,-,-,-,-,-,-,-,-,+,-,+,-,-,-
312,CXCR1,2,-,-,-,-,-,+,-,-,-,-,-,-,-,-,-,+,-,-,-,-,-
313,CXCR2,2,-,-,-,-,-,+,-,-,-,-,-,-,-,-,-,+,-,-,-,-,-
314,CXCR3,4,-,-,+,-,+,+,-,-,-,-,-,-,-,-,-,-,-,+,-,-,-
315,CXCR5,4,-,-,+,-,+,+,-,-,-,-,-,-,-,-,-,-,-,+,-,-,-
316,CXCR6,1,-,-,-,-,-,+,-,-,-,-,-,-,-,-,-,-,-,-,-,-,-
317,CYBB,0,-,-,-,-,-,-,-,-,-,-,-,-,-,-,-,-,-,-,-,-,-
318,CYFIP2,0,-,-,-,-,-,-,-,-,-,-,-,-,-,-,-,-,-,-,-,-,-
319,CYLD,0,-,-,-,-,-,-,-,-,-,-,-,-,-,-,-,-,-,-,-,-,-
320,DDX58,0,-,-,-,-,-,-,-,-,-,-,-,-,-,-,-,-,-,-,-,-,-
321,DEFB1,0,-,-,-,-,-,-,-,-,-,-,-,-,-,-,-,-,-,-,-,-,-
322,DMBT1,0,-,-,-,-,-,-,-,-,-,-,-,-,-,-,-,-,-,-,-,-,-
323,DOCK9,1,-,-,-,-,+,-,-,-,-,-,-,-,-,-,-,-,-,-,-,-,-
324,DPP4,4,-,-,+,-,+,-,-,-,-,-,-,-,-,-,-,+,-,+,-,-,-
325,DUSP4,0,-,-,-,-,-,-,-,-,-,-,-,-,-,-,-,-,-,-,-,-,-
326,DUSP6,0,-,-,-,-,-,-,-,-,-,-,-,-,-,-,-,-,-,-,-,-,-
327,ECSIT,0,-,-,-,-,-,-,-,-,-,-,-,-,-,-,-,-,-,-,-,-,-
328,EGR1,4,-,-,+,-,+,-,-,-,-,-,-,-,-,-,-,-,+,+,-,-,-
329,EGR2,1,-,-,-,-,-,-,-,-,-,-,-,-,-,-,-,+,-,-,-,-,-
330,ELANE,1,-,-,-,-,-,-,-,-,-,-,-,-,-,-,-,+,-,-,-,-,-
331,ELK1,0,-,-,-,-,-,-,-,-,-,-,-,-,-,-,-,-,-,-,-,-,-
332,ENG,0,-,-,-,-,-,-,-,-,-,-,-,-,-,-,-,-,-,-,-,-,-
333,ENTPD1,0,-,-,-,-,-,-,-,-,-,-,-,-,-,-,-,-,-,-,-,-,-
334,EOMES,3,-,-,+,-,+,-,-,-,-,-,-,-,-,-,-,-,-,+,-,-,-
335,EP300,0,-,-,-,-,-,-,-,-,-,-,-,-,-,-,-,-,-,-,-,-,-
336,ETS1,1,-,-,-,-,-,-,-,-,-,-,-,-,-,-,-,-,+,-,-,-,-
337,EWSR1,1,-,-,-,-,+,-,-,-,-,-,-,-,-,-,-,-,-,-,-,-,-
338,F12,0,-,-,-,-,-,-,-,-,-,-,-,-,-,-,-,-,-,-,-,-,-
339,F13A1,1,-,-,-,-,+,-,-,-,-,-,-,-,-,-,-,-,-,-,-,-,-
340,F2RL1,3,-,-,+,-,+,-,-,-,-,-,-,-,-,-,-,-,-,+,-,-,-
341,FADD,0,-,-,-,-,-,-,-,-,-,-,-,-,-,-,-,-,-,-,-,-,-
342,FAS,6,-,-,+,-,+,-,-,-,-,-,-,-,-,-,-,+,-,+,-,+,+
343,FCER1A,0,-,-,-,-,-,-,-,-,-,-,-,-,-,-,-,-,-,-,-,-,-
344,FCER1G,1,-,-,-,-,-,-,-,-,-,-,-,-,-,-,-,+,-,-,-,-,-
345,FCER2,0,-,-,-,-,-,-,-,-,-,-,-,-,-,-,-,-,-,-,-,-,-
346,FCGR1A,0,-,-,-,-,-,-,-,-,-,-,-,-,-,-,-,-,-,-,-,-,-
347,FCGR2A,1,-,-,-,-,-,-,-,-,-,-,-,-,-,-,-,-,-,-,-,-,+
348,FCGR2B,1,-,-,-,-,-,-,-,-,-,-,-,-,-,-,-,+,-,-,-,-,-
349,FCGR3A,1,-,-,-,-,-,-,-,-,-,-,-,-,-,-,-,+,-,-,-,-,-
350,FEZ1,1,-,-,-,-,+,-,-,-,-,-,-,-,-,-,-,-,-,-,-,-,-
351,FLT3,0,-,-,-,-,-,-,-,-,-,-,-,-,-,-,-,-,-,-,-,-,-
352,FN1,1,-,-,-,-,-,-,-,-,-,-,-,-,-,-,-,-,+,-,-,-,-
353,FOS,0,-,-,-,-,-,-,-,-,-,-,-,-,-,-,-,-,-,-,-,-,-
354,FOXJ1,0,-,-,-,-,-,-,-,-,-,-,-,-,-,-,-,-,-,-,-,-,-
355,FPR2,0,-,-,-,-,-,-,-,-,-,-,-,-,-,-,-,-,-,-,-,-,-
356,FUT5,1,-,-,-,-,+,-,-,-,-,-,-,-,-,-,-,-,-,-,-,-,-
357,FUT7,1,-,-,-,-,-,-,-,-,-,-,+,-,-,-,-,-,-,-,-,-,-
358,FYN,1,-,-,-,-,-,-,-,-,-,-,-,-,-,-,-,-,-,-,-,-,+
359,GATA3,1,-,-,-,-,+,-,-,-,-,-,-,-,-,-,-,-,-,-,-,-,-
360,GNLY,2,-,-,-,-,-,-,-,-,+,-,-,-,-,-,+,-,-,-,-,-,-
361,GPI,0,-,-,-,-,-,-,-,-,-,-,-,-,-,-,-,-,-,-,-,-,-
362,GTF3C1,1,-,-,-,-,+,-,-,-,-,-,-,-,-,-,-,-,-,-,-,-,-
363,GZMA,2,-,-,-,-,+,-,-,-,+,-,-,-,-,-,-,-,-,-,-,-,-
364,GZMB,2,-,-,-,-,+,-,-,-,+,-,-,-,-,-,-,-,-,-,-,-,-
365,GZMH,2,-,-,-,-,+,-,-,-,+,-,-,-,-,-,-,-,-,-,-,-,-
366,GZMK,2,-,-,-,-,+,-,-,-,+,-,-,-,-,-,-,-,-,-,-,-,-
367,GZMM,2,-,-,-,-,+,-,-,-,+,-,-,-,-,-,-,-,-,-,-,-,-
368,HAMP,0,-,-,-,-,-,-,-,-,-,-,-,-,-,-,-,-,-,-,-,-,-
369,HAVCR2,1,-,-,-,-,+,-,-,-,-,-,-,-,-,-,-,-,-,-,-,-,-
370,HCK,1,-,-,-,-,-,-,-,-,-,-,+,-,-,-,-,-,-,-,-,-,-
371,HLA-E,1,-,-,-,-,-,-,-,-,-,-,-,-,-,-,-,+,-,-,-,-,-
372,HLA-G,1,-,-,-,-,-,-,-,-,-,-,-,-,-,-,-,+,-,-,-,-,-
373,HMGB1,1,-,-,-,-,-,-,-,-,-,-,-,-,-,-,-,+,-,-,-,-,-
374,HRAS,1,-,-,-,-,-,-,-,-,-,-,-,-,-,-,-,-,+,-,-,-,-
375,HSD11B1,1,-,-,-,-,+,-,-,-,-,-,-,-,-,-,-,-,-,-,-,-,-
376,ICOS,1,-,-,-,-,+,-,-,-,-,-,-,-,-,-,-,-,-,-,-,-,-
377,ICOSLG,4,-,-,+,-,+,-,-,-,-,-,-,-,-,-,-,+,-,+,-,-,-
378,IFI16,1,-,-,-,-,-,+,-,-,-,-,-,-,-,-,-,-,-,-,-,-,-
379,IFI27,1,-,-,-,-,-,+,-,-,-,-,-,-,-,-,-,-,-,-,-,-,-
380,IFI35,1,-,-,-,-,-,+,-,-,-,-,-,-,-,-,-,-,-,-,-,-,-
381,IFIH1,0,-,-,-,-,-,-,-,-,-,-,-,-,-,-,-,-,-,-,-,-,-
382,IFIT1,1,-,-,-,-,-,+,-,-,-,-,-,-,-,-,-,-,-,-,-,-,-
383,IFIT2,1,-,-,-,-,-,+,-,-,-,-,-,-,-,-,-,-,-,-,-,-,-
384,IFITM1,1,-,-,-,-,-,-,-,-,-,-,-,-,-,-,-,+,-,-,-,-,-
385,IFITM2,0,-,-,-,-,-,-,-,-,-,-,-,-,-,-,-,-,-,-,-,-,-
386,IFNA1,1,-,-,-,-,-,-,-,-,-,+,-,-,-,-,-,-,-,-,-,-,-
387,IFNA17,1,-,-,-,-,-,-,-,-,-,+,-,-,-,-,-,-,-,-,-,-,-
388,IFNA2,1,-,-,-,-,-,-,-,-,-,+,-,-,-,-,-,-,-,-,-,-,-
389,IFNA7,1,-,-,-,-,-,-,-,-,-,+,-,-,-,-,-,-,-,-,-,-,-
390,IFNA8,1,-,-,-,-,-,-,-,-,-,+,-,-,-,-,-,-,-,-,-,-,-
391,IFNAR1,1,-,-,-,-,-,-,-,-,-,-,-,-,-,-,+,-,-,-,-,-,-
392,IFNAR2,1,-,-,-,-,-,+,-,-,-,-,-,-,-,-,-,-,-,-,-,-,-
393,IFNB1,0,-,-,-,-,-,-,-,-,-,-,-,-,-,-,-,-,-,-,-,-,-
394,IFNGR1,3,-,-,+,-,+,-,-,-,-,-,-,-,-,-,-,-,-,+,-,-,-
395,IFNL2,1,-,-,-,-,-,+,-,-,-,-,-,-,-,-,-,-,-,-,-,-,-
396,IGF1R,1,-,-,-,-,-,-,-,-,-,-,-,-,-,-,-,-,+,-,-,-,-
397,IGF2R,0,-,-,-,-,-,-,-,-,-,-,-,-,-,-,-,-,-,-,-,-,-
398,IGLL1,0,-,-,-,-,-,-,-,-,-,-,-,-,-,-,-,-,-,-,-,-,-
399,IKBKB,0,-,-,-,-,-,-,-,-,-,-,-,-,-,-,-,-,-,-,-,-,-
400,IKBKE,0,-,-,-,-,-,-,-,-,-,-,-,-,-,-,-,-,-,-,-,-,-
401,IKBKG,0,-,-,-,-,-,-,-,-,-,-,-,-,-,-,-,-,-,-,-,-,-
402,IL10,1,-,-,-,-,-,-,-,-,-,+,-,-,-,-,-,-,-,-,-,-,-
403,IL11RA,1,-,-,-,-,-,+,-,-,-,-,-,-,-,-,-,-,-,-,-,-,-
404,IL12RB1,3,-,-,+,-,+,-,-,-,-,-,-,-,-,-,-,-,-,+,-,-,-
405,IL13RA2,4,-,-,+,-,+,+,-,-,-,-,-,-,-,-,-,-,-,+,-,-,-
406,IL15,2,-,-,-,-,-,-,-,-,-,+,-,-,-,-,-,+,-,-,-,-,-
407,IL15RA,1,-,-,-,-,-,+,-,-,-,-,-,-,-,-,-,-,-,-,-,-,-
408,IL16,1,-,-,-,-,-,-,-,-,-,+,-,-,-,-,-,-,-,-,-,-,-
409,IL17B,2,-,-,-,-,-,+,-,-,-,+,-,-,-,-,-,-,-,-,-,-,-
410,IL17F,1,-,-,-,-,-,-,-,-,-,+,-,-,-,-,-,-,-,-,-,-,-
411,IL17RA,1,-,-,-,-,+,-,-,-,-,-,-,-,-,-,-,-,-,-,-,-,-
412,IL17RB,1,-,-,-,-,-,+,-,-,-,-,-,-,-,-,-,-,-,-,-,-,-
413,IL18,4,-,-,+,-,+,-,-,-,-,+,-,-,-,-,-,-,-,+,-,-,-
414,IL18R1,3,-,-,+,-,+,-,-,-,-,-,-,-,-,-,-,-,-,+,-,-,-
415,IL18RAP,3,-,-,+,-,+,-,-,-,-,-,-,-,-,-,-,-,-,+,-,-,-
416,IL19,2,-,-,-,-,-,+,-,-,-,+,-,-,-,-,-,-,-,-,-,-,-
417,IL1R1,0,-,-,-,-,-,-,-,-,-,-,-,-,-,-,-,-,-,-,-,-,-
418,IL1RAP,0,-,-,-,-,-,-,-,-,-,-,-,-,-,-,-,-,-,-,-,-,-
419,IL1RAPL2,0,-,-,-,-,-,-,-,-,-,-,-,-,-,-,-,-,-,-,-,-,-
420,IL1RL1,0,-,-,-,-,-,-,-,-,-,-,-,-,-,-,-,-,-,-,-,-,-
421,IL1RL2,0,-,-,-,-,-,-,-,-,-,-,-,-,-,-,-,-,-,-,-,-,-
422,IL21R,1,-,-,-,-,+,-,-,-,-,-,-,-,-,-,-,-,-,-,-,-,-
423,IL22RA1,1,-,-,-,-,-,+,-,-,-,-,-,-,-,-,-,-,-,-,-,-,-
424,IL22RA2,1,-,-,-,-,-,+,-,-,-,-,-,-,-,-,-,-,-,-,-,-,-
425,IL23A,1,-,-,-,-,-,-,-,-,-,+,-,-,-,-,-,-,-,-,-,-,-
426,IL25,1,-,-,-,-,-,-,-,-,-,+,-,-,-,-,-,-,-,-,-,-,-
427,IL27,1,-,-,-,-,-,-,-,-,-,+,-,-,-,-,-,-,-,-,-,-,-
428,IL2RA,1,-,-,-,-,-,-,-,-,-,-,-,-,-,-,-,+,-,-,-,-,-
429,IL2RG,1,-,-,-,-,-,+,-,-,-,-,-,-,-,-,-,-,-,-,-,-,-
430,IL3,4,-,-,+,-,+,-,-,-,-,-,-,-,-,-,-,+,-,+,-,-,-
431,IL32,2,-,-,-,-,-,+,-,-,-,+,-,-,-,-,-,-,-,-,-,-,-
432,IL34,1,-,-,-,-,-,-,-,-,-,+,-,-,-,-,-,-,-,-,-,-,-
433,IL3RA,1,-,-,-,-,+,-,-,-,-,-,-,-,-,-,-,-,-,-,-,-,-
434,IL4,5,-,-,+,-,+,-,-,-,-,+,-,-,-,-,-,+,-,+,-,-,-
435,IL6,1,-,-,-,-,-,-,-,-,-,+,-,-,-,-,-,-,-,-,-,-,-
436,IL6ST,1,-,-,-,-,-,+,-,-,-,-,-,-,-,-,-,-,-,-,-,-,-
437,IL7,1,-,-,-,-,-,-,-,-,-,+,-,-,-,-,-,-,-,-,-,-,-
438,ILF3,1,-,-,-,-,-,+,-,-,-,-,-,-,-,-,-,-,-,-,-,-,-
439,INPP5D,1,-,-,-,-,-,-,-,-,-,-,-,-,-,-,-,+,-,-,-,-,-
440,IRAK1,0,-,-,-,-,-,-,-,-,-,-,-,-,-,-,-,-,-,-,-,-,-
441,IRAK2,0,-,-,-,-,-,-,-,-,-,-,-,-,-,-,-,-,-,-,-,-,-
442,IRAK4,0,-,-,-,-,-,-,-,-,-,-,-,-,-,-,-,-,-,-,-,-,-
443,IRF1,5,-,-,+,-,+,+,-,-,-,-,-,-,-,-,-,+,-,+,-,-,-
444,IRF2,2,-,-,-,-,-,+,-,-,-,-,-,-,-,-,-,+,-,-,-,-,-
445,IRF3,0,-,-,-,-,-,-,-,-,-,-,-,-,-,-,-,-,-,-,-,-,-
446,IRF4,4,-,-,+,-,+,-,-,-,-,-,-,-,-,-,-,+,-,+,-,-,-
447,IRF5,1,-,-,-,-,-,-,-,-,-,-,-,-,-,-,-,-,+,-,-,-,-
448,IRF7,0,-,-,-,-,-,-,-,-,-,-,-,-,-,-,-,-,-,-,-,-,-
449,IRF8,2,-,-,-,-,-,+,-,-,-,-,-,-,-,-,-,+,-,-,-,-,-
450,IRGM,0,-,-,-,-,-,-,-,-,-,-,-,-,-,-,-,-,-,-,-,-,-
451,ISG15,0,-,-,-,-,-,-,-,-,-,-,-,-,-,-,-,-,-,-,-,-,-
452,ISG20,0,-,-,-,-,-,-,-,-,-,-,-,-,-,-,-,-,-,-,-,-,-
453,ITCH,0,-,-,-,-,-,-,-,-,-,-,-,-,-,-,-,-,-,-,-,-,-
454,ITK,0,-,-,-,-,-,-,-,-,-,-,-,-,-,-,-,-,-,-,-,-,-
455,JAM3,0,-,-,-,-,-,-,-,-,-,-,-,-,-,-,-,-,-,-,-,-,-
456,KIR2DL1,3,-,-,-,-,+,-,-,-,-,-,-,-,-,+,-,+,-,-,-,-,-
457,KIR2DL3,3,-,-,-,-,+,-,-,-,-,-,-,-,-,+,-,+,-,-,-,-,-
458,KIR2DS1,3,-,-,-,-,+,-,-,-,-,-,-,-,-,+,-,+,-,-,-,-,-
459,KIR3DL1,3,-,-,-,-,+,-,-,-,-,-,-,-,-,+,-,+,-,-,-,-,-
460,KIR3DL2,3,-,-,-,-,+,-,-,-,-,-,-,-,-,+,-,+,-,-,-,-,-
461,KIR3DL3,2,-,-,-,-,+,-,-,-,-,-,-,-,-,+,-,-,-,-,-,-,-
462,KIR3DS1,3,-,-,-,-,+,-,-,-,-,-,-,-,-,+,-,+,-,-,-,-,-
463,KIT,1,-,-,-,-,+,-,-,-,-,-,-,-,-,-,-,-,-,-,-,-,-
464,KLRB1,3,-,-,-,-,+,+,-,-,-,-,-,-,-,+,-,-,-,-,-,-,-
465,KLRC1,3,-,-,-,-,+,-,-,-,-,-,-,-,-,+,-,+,-,-,-,-,-
466,KLRC2,2,-,-,-,-,+,-,-,-,-,-,-,-,-,+,-,-,-,-,-,-,-
467,KLRD1,3,-,-,-,-,+,-,-,-,-,-,-,-,-,+,-,+,-,-,-,-,-
468,KLRF1,2,-,-,-,-,+,-,-,-,-,-,-,-,-,+,-,-,-,-,-,-,-
469,KLRG1,3,-,-,-,-,+,-,-,-,-,-,-,-,-,+,-,+,-,-,-,-,-
470,KLRK1,3,-,-,-,-,+,-,-,-,-,-,-,-,-,+,-,+,-,-,-,-,-
471,LAG3,4,-,-,+,-,+,-,-,-,-,-,-,-,-,-,-,+,-,+,-,-,-
472,LAIR2,1,-,-,-,-,+,-,-,-,-,-,-,-,-,-,-,-,-,-,-,-,-
473,LAMP1,1,-,-,-,-,-,-,-,-,-,-,-,-,-,-,-,-,-,-,-,-,+
474,LAMP2,0,-,-,-,-,-,-,-,-,-,-,-,-,-,-,-,-,-,-,-,-,-
475,LAMP3,1,-,-,-,-,+,-,-,-,-,-,-,-,-,-,-,-,-,-,-,-,-
476,LBP,1,-,-,-,-,-,-,-,-,-,-,-,+,-,-,-,-,-,-,-,-,-
477,LCK,4,-,-,+,-,+,-,-,-,-,-,-,-,-,-,-,+,-,+,-,-,-
478,LCN2,0,-,-,-,-,-,-,-,-,-,-,-,-,-,-,-,-,-,-,-,-,-
479,LCP1,3,-,-,+,-,+,-,-,-,-,-,-,-,-,-,-,-,-,+,-,-,-
480,LGALS3,0,-,-,-,-,-,-,-,-,-,-,-,-,-,-,-,-,-,-,-,-,-
481,LIF,1,-,-,-,-,+,-,-,-,-,-,-,-,-,-,-,-,-,-,-,-,-
482,LILRA1,1,-,-,-,-,-,-,-,-,-,-,-,-,-,-,-,+,-,-,-,-,-
483,LILRA4,0,-,-,-,-,-,-,-,-,-,-,-,-,-,-,-,-,-,-,-,-,-
484,LILRA5,0,-,-,-,-,-,-,-,-,-,-,-,-,-,-,-,-,-,-,-,-,-
485,LILRB1,4,-,-,+,-,+,-,-,-,-,-,-,-,-,-,-,+,-,+,-,-,-
486,LILRB2,1,-,-,-,-,-,-,-,-,-,-,-,-,-,-,-,+,-,-,-,-,-
487,LILRB3,1,-,-,-,-,-,-,-,-,-,-,-,-,-,-,-,+,-,-,-,-,-
488,LRP1,0,-,-,-,-,-,-,-,-,-,-,-,-,-,-,-,-,-,-,-,-,-
489,LRRN3,0,-,-,-,-,-,-,-,-,-,-,-,-,-,-,-,-,-,-,-,-,-
490,LTA,1,-,-,-,-,-,+,-,-,-,-,-,-,-,-,-,-,-,-,-,-,-
491,LTBR,1,-,-,-,-,-,+,-,-,-,-,-,-,-,-,-,-,-,-,-,-,-
492,LTF,0,-,-,-,-,-,-,-,-,-,-,-,-,-,-,-,-,-,-,-,-,-
493,LTK,1,-,-,-,-,+,-,-,-,-,-,-,-,-,-,-,-,-,-,-,-,-
494,LY86,0,-,-,-,-,-,-,-,-,-,-,-,-,-,-,-,-,-,-,-,-,-
495,LY9,0,-,-,-,-,-,-,-,-,-,-,-,-,-,-,-,-,-,-,-,-,-
496,LY96,0,-,-,-,-,-,-,-,-,-,-,-,-,-,-,-,-,-,-,-,-,-
497,LYN,1,-,-,-,-,-,-,-,-,-,-,-,-,-,-,-,+,-,-,-,-,-
498,MAF,3,-,-,+,-,+,-,-,-,-,-,-,-,-,-,-,-,-,+,-,-,-
499,MAP2K1,0,-,-,-,-,-,-,-,-,-,-,-,-,-,-,-,-,-,-,-,-,-
500,MAP2K2,0,-,-,-,-,-,-,-,-,-,-,-,-,-,-,-,-,-,-,-,-,-
501,MAP2K4,0,-,-,-,-,-,-,-,-,-,-,-,-,-,-,-,-,-,-,-,-,-
502,MAP3K1,0,-,-,-,-,-,-,-,-,-,-,-,-,-,-,-,-,-,-,-,-,-
503,MAP3K5,0,-,-,-,-,-,-,-,-,-,-,-,-,-,-,-,-,-,-,-,-,-
504,MAP3K7,0,-,-,-,-,-,-,-,-,-,-,-,-,-,-,-,-,-,-,-,-,-
505,MAP4K2,0,-,-,-,-,-,-,-,-,-,-,-,-,-,-,-,-,-,-,-,-,-
506,MAPK1,0,-,-,-,-,-,-,-,-,-,-,-,-,-,-,-,-,-,-,-,-,-
507,MAPK11,0,-,-,-,-,-,-,-,-,-,-,-,-,-,-,-,-,-,-,-,-,-
508,MAPK14,0,-,-,-,-,-,-,-,-,-,-,-,-,-,-,-,-,-,-,-,-,-
509,MAPK3,0,-,-,-,-,-,-,-,-,-,-,-,-,-,-,-,-,-,-,-,-,-
510,MAPK8,0,-,-,-,-,-,-,-,-,-,-,-,-,-,-,-,-,-,-,-,-,-
511,MAPKAPK2,0,-,-,-,-,-,-,-,-,-,-,-,-,-,-,-,-,-,-,-,-,-
512,MARCO,0,-,-,-,-,-,-,-,-,-,-,-,-,-,-,-,-,-,-,-,-,-
513,MASP1,0,-,-,-,-,-,-,-,-,-,-,-,-,-,-,-,-,-,-,-,-,-
514,MASP2,0,-,-,-,-,-,-,-,-,-,-,-,-,-,-,-,-,-,-,-,-,-
515,MAVS,0,-,-,-,-,-,-,-,-,-,-,-,-,-,-,-,-,-,-,-,-,-
516,MBL2,0,-,-,-,-,-,-,-,-,-,-,-,-,-,-,-,-,-,-,-,-,-
517,MEF2C,0,-,-,-,-,-,-,-,-,-,-,-,-,-,-,-,-,-,-,-,-,-
518,MEFV,0,-,-,-,-,-,-,-,-,-,-,-,-,-,-,-,-,-,-,-,-,-
519,MERTK,1,-,-,-,-,-,-,-,-,-,-,-,-,-,-,-,-,-,-,-,-,+
520,MFGE8,1,-,-,-,-,-,-,-,-,-,-,-,-,-,-,-,-,-,-,-,-,+
521,MICA,1,-,-,-,-,-,-,-,-,-,-,-,-,-,-,-,+,-,-,-,-,-
522,MICB,1,-,-,-,-,-,-,-,-,-,-,-,-,-,-,-,+,-,-,-,-,-
523,MIF,0,-,-,-,-,-,-,-,-,-,-,-,-,-,-,-,-,-,-,-,-,-
524,MME,1,-,-,-,-,+,-,-,-,-,-,-,-,-,-,-,-,-,-,-,-,-
525,MNX1,0,-,-,-,-,-,-,-,-,-,-,-,-,-,-,-,-,-,-,-,-,-
526,MPPED1,1,-,-,-,-,+,-,-,-,-,-,-,-,-,-,-,-,-,-,-,-,-
527,MRC1,0,-,-,-,-,-,-,-,-,-,-,-,-,-,-,-,-,-,-,-,-,-
528,MS4A1,3,-,-,+,-,+,-,-,-,-,-,-,-,-,-,-,-,-,+,-,-,-
529,MS4A2,1,-,-,-,-,-,+,-,-,-,-,-,-,-,-,-,-,-,-,-,-,-
530,MSR1,1,-,-,-,-,+,-,-,-,-,-,-,-,-,-,-,-,-,-,-,-,-
531,MST1R,0,-,-,-,-,-,-,-,-,-,-,-,-,-,-,-,-,-,-,-,-,-
532,MUC1,0,-,-,-,-,-,-,-,-,-,-,-,-,-,-,-,-,-,-,-,-,-
533,MX1,0,-,-,-,-,-,-,-,-,-,-,-,-,-,-,-,-,-,-,-,-,-
534,MYD88,1,-,-,-,-,-,-,-,-,-,-,-,-,-,-,-,-,-,-,+,-,-
535,NCAM1,0,-,-,-,-,-,-,-,-,-,-,-,-,-,-,-,-,-,-,-,-,-
536,NCF4,0,-,-,-,-,-,-,-,-,-,-,-,-,-,-,-,-,-,-,-,-,-
537,NCR1,2,-,-,-,-,+,-,-,-,-,-,-,-,-,+,-,-,-,-,-,-,-
538,NEFL,1,-,-,-,-,+,-,-,-,-,-,-,-,-,-,-,-,-,-,-,-,-
539,NFATC1,1,-,-,-,-,-,-,-,-,-,-,-,-,-,-,-,+,-,-,-,-,-
540,NFATC2,1,-,-,-,-,-,-,-,-,-,-,-,-,-,-,-,+,-,-,-,-,-
541,NFATC3,1,-,-,-,-,-,-,-,-,-,-,-,-,-,-,-,+,-,-,-,-,-
542,NFATC4,0,-,-,-,-,-,-,-,-,-,-,-,-,-,-,-,-,-,-,-,-,-
543,NFKB1,0,-,-,-,-,-,-,-,-,-,-,-,-,-,-,-,-,-,-,-,-,-
544,NFKB2,0,-,-,-,-,-,-,-,-,-,-,-,-,-,-,-,-,-,-,-,-,-
545,NFKBIA,0,-,-,-,-,-,-,-,-,-,-,-,-,-,-,-,-,-,-,-,-,-
546,NLRC5,0,-,-,-,-,-,-,-,-,-,-,-,-,-,-,-,-,-,-,-,-,-
547,NLRP3,0,-,-,-,-,-,-,-,-,-,-,-,-,-,-,-,-,-,-,-,-,-
548,NOD1,0,-,-,-,-,-,-,-,-,-,-,-,-,-,-,-,-,-,-,-,-,-
549,NOS2A,0,-,-,-,-,-,-,-,-,-,-,-,-,-,-,-,-,-,-,-,-,-
550,NOTCH1,1,-,-,-,-,-,-,-,-,-,-,-,-,-,-,-,+,-,-,-,-,-
551,NRP1,1,-,-,-,-,+,-,-,-,-,-,-,-,-,-,-,-,-,-,-,-,-
552,NT5E,1,-,-,-,-,-,-,-,-,-,-,-,-,-,-,-,-,-,-,-,-,+
553,OSM,1,-,-,-,-,+,-,-,-,-,-,-,-,-,-,-,-,-,-,-,-,-
554,PAX5,0,-,-,-,-,-,-,-,-,-,-,-,-,-,-,-,-,-,-,-,-,-
555,PDCD1,1,-,-,-,-,-,-,-,-,-,-,-,-,-,-,-,+,-,-,-,-,-
556,PDCD1LG2,0,-,-,-,-,-,-,-,-,-,-,-,-,-,-,-,-,-,-,-,-,-
557,PDGFC,1,-,-,-,-,+,-,-,-,-,-,-,-,-,-,-,-,-,-,-,-,-
558,PDGFRB,0,-,-,-,-,-,-,-,-,-,-,-,-,-,-,-,-,-,-,-,-,-
559,PECAM1,1,-,-,-,-,-,-,-,-,-,-,-,-,-,-,-,-,-,-,-,-,+
560,PIK3CD,0,-,-,-,-,-,-,-,-,-,-,-,-,-,-,-,-,-,-,-,-,-
561,PIK3CG,0,-,-,-,-,-,-,-,-,-,-,-,-,-,-,-,-,-,-,-,-,-
562,PIN1,0,-,-,-,-,-,-,-,-,-,-,-,-,-,-,-,-,-,-,-,-,-
563,PLA2G1B,1,-,-,-,-,-,-,-,-,-,-,-,-,-,-,-,+,-,-,-,-,-
564,PLA2G6,1,-,-,-,-,+,-,-,-,-,-,-,-,-,-,-,-,-,-,-,-,-
565,PLAU,1,-,-,-,-,-,-,-,-,-,-,-,-,-,-,-,-,+,-,-,-,-
566,PLAUR,0,-,-,-,-,-,-,-,-,-,-,-,-,-,-,-,-,-,-,-,-,-
567,PMCH,1,-,-,-,-,+,-,-,-,-,-,-,-,-,-,-,-,-,-,-,-,-
568,PNMA1,0,-,-,-,-,-,-,-,-,-,-,-,-,-,-,-,-,-,-,-,-,-
569,POU2AF1,0,-,-,-,-,-,-,-,-,-,-,-,-,-,-,-,-,-,-,-,-,-
570,POU2F2,0,-,-,-,-,-,-,-,-,-,-,-,-,-,-,-,-,-,-,-,-,-
571,PPARG,0,-,-,-,-,-,-,-,-,-,-,-,-,-,-,-,-,-,-,-,-,-
572,PPBP,1,-,-,-,-,-,+,-,-,-,-,-,-,-,-,-,-,-,-,-,-,-
573,PRF1,2,-,-,-,-,-,-,-,-,+,-,-,-,-,-,+,-,-,-,-,-,-
574,PRG2,1,-,-,-,-,-,-,-,-,-,-,-,-,-,-,+,-,-,-,-,-,-
575,PRKCD,1,-,-,-,-,-,-,-,-,-,-,-,-,-,-,-,-,+,-,-,-,-
576,PRKCE,1,-,-,-,-,-,-,-,-,-,-,-,+,-,-,-,-,-,-,-,-,-
577,PSEN1,3,-,-,+,-,+,-,-,-,-,-,-,-,-,-,-,-,-,+,-,-,-
578,PSEN2,3,-,-,+,-,+,-,-,-,-,-,-,-,-,-,-,-,-,+,-,-,-
579,PSMB10,0,-,-,-,-,-,-,-,-,-,-,-,-,-,-,-,-,-,-,-,-,-
580,PSMB8,1,-,-,-,-,-,+,-,-,-,-,-,-,-,-,-,-,-,-,-,-,-
581,PSMD7,0,-,-,-,-,-,-,-,-,-,-,-,-,-,-,-,-,-,-,-,-,-
582,PTGDR2,1,-,-,-,-,+,-,-,-,-,-,-,-,-,-,-,-,-,-,-,-,-
583,PTPRC,3,-,-,+,-,+,-,-,-,-,-,-,-,-,-,-,-,-,+,-,-,-
584,PVR,1,-,-,-,-,-,-,-,-,-,-,-,-,-,-,-,+,-,-,-,-,-
585,PYCARD,0,-,-,-,-,-,-,-,-,-,-,-,-,-,-,-,-,-,-,-,-,-
586,RAG1,3,-,-,+,-,+,-,-,-,-,-,-,-,-,-,-,-,-,+,-,-,-
587,REL,1,-,-,-,-,-,-,-,-,-,-,-,-,-,-,-,+,-,-,-,-,-
588,RELA,0,-,-,-,-,-,-,-,-,-,-,-,-,-,-,-,-,-,-,-,-,-
589,RELB,1,-,-,-,-,-,-,-,-,-,-,-,-,-,-,-,+,-,-,-,-,-
590,REPS1,1,-,-,-,-,+,-,-,-,-,-,-,-,-,-,-,-,-,-,-,-,-
591,RIPK2,0,-,-,-,-,-,-,-,-,-,-,-,-,-,-,-,-,-,-,-,-,-
592,RORA,1,-,-,-,-,-,-,-,-,-,-,-,-,-,-,-,+,-,-,-,-,-
593,RORC,1,-,-,-,-,+,-,-,-,-,-,-,-,-,-,-,-,-,-,-,-,-
594,RPS6,3,-,-,+,-,+,-,-,-,-,-,-,-,-,-,-,-,-,+,-,-,-
595,RRAD,1,-,-,-,-,+,-,-,-,-,-,-,-,-,-,-,-,-,-,-,-,-
596,RUNX1,1,-,-,-,-,-,-,-,-,-,-,-,-,-,-,-,+,-,-,-,-,-
597,RUNX3,1,-,-,-,-,-,-,-,-,-,-,-,-,-,-,-,+,-,-,-,-,-
598,S100A12,0,-,-,-,-,-,-,-,-,-,-,-,-,-,-,-,-,-,-,-,-,-
599,S100A7,0,-,-,-,-,-,-,-,-,-,-,-,-,-,-,-,-,-,-,-,-,-
600,S100A8,0,-,-,-,-,-,-,-,-,-,-,-,-,-,-,-,-,-,-,-,-,-
601,S100B,0,-,-,-,-,-,-,-,-,-,-,-,-,-,-,-,-,-,-,-,-,-
602,SAA1,0,-,-,-,-,-,-,-,-,-,-,-,-,-,-,-,-,-,-,-,-,-
603,SBNO2,1,-,-,-,-,-,-,-,-,-,-,-,+,-,-,-,-,-,-,-,-,-
604,SELE,1,-,-,-,-,-,-,-,-,-,-,-,-,-,-,-,+,-,-,-,-,-
605,SELL,1,-,-,-,-,-,-,-,-,-,-,-,-,-,-,-,+,-,-,-,-,-
606,SELPLG,0,-,-,-,-,-,-,-,-,-,-,-,-,-,-,-,-,-,-,-,-,-
607,SERPINB2,1,-,-,-,-,-,-,-,-,-,-,-,-,-,-,-,-,+,-,-,-,-
608,SERPING1,0,-,-,-,-,-,-,-,-,-,-,-,-,-,-,-,-,-,-,-,-,-
609,SH2B2,1,-,-,-,-,-,-,-,-,-,-,-,-,-,-,-,+,-,-,-,-,-
610,SH2D1A,0,-,-,-,-,-,-,-,-,-,-,-,-,-,-,-,-,-,-,-,-,-
611,SH2D1B,1,-,-,-,-,-,-,-,-,-,-,+,-,-,-,-,-,-,-,-,-,-
612,SIGIRR,0,-,-,-,-,-,-,-,-,-,-,-,-,-,-,-,-,-,-,-,-,-
613,SIGLEC1,1,-,-,-,-,-,-,-,-,-,-,-,-,-,-,-,-,-,-,-,-,+
614,SLAMF1,0,-,-,-,-,-,-,-,-,-,-,-,-,-,-,-,-,-,-,-,-,-
615,SLAMF6,0,-,-,-,-,-,-,-,-,-,-,-,-,-,-,-,-,-,-,-,-,-
616,SLAMF7,0,-,-,-,-,-,-,-,-,-,-,-,-,-,-,-,-,-,-,-,-,-
617,SLC11A1,3,-,-,+,-,+,-,-,-,-,-,-,-,-,-,-,-,-,+,-,-,-
618,SMAD2,1,-,-,-,-,+,-,-,-,-,-,-,-,-,-,-,-,-,-,-,-,-
619,SMAD3,1,-,-,-,-,-,-,-,-,-,-,-,-,-,-,-,+,-,-,-,-,-
620,SMPD3,1,-,-,-,-,+,-,-,-,-,-,-,-,-,-,-,-,-,-,-,-,-
621,SOCS1,3,-,-,+,-,+,-,-,-,-,-,-,-,-,-,-,-,-,+,-,-,-
622,SPINK5,1,-,-,-,-,-,-,-,-,-,-,-,-,-,-,-,+,-,-,-,-,-
623,SPN,1,-,-,-,-,-,-,-,-,-,-,-,-,-,-,-,+,-,-,-,-,-
624,ST6GAL1,0,-,-,-,-,-,-,-,-,-,-,-,-,-,-,-,-,-,-,-,-,-
625,STAT1,2,-,-,-,-,-,+,-,-,-,-,-,-,-,-,-,+,-,-,-,-,-
626,STAT2,2,-,-,-,-,-,+,-,-,-,-,-,-,-,-,-,+,-,-,-,-,-
627,STAT3,2,-,-,-,-,-,+,-,-,-,-,-,-,-,-,-,+,-,-,-,-,-
628,STAT4,5,-,-,+,-,+,+,-,-,-,-,-,-,-,-,-,+,-,+,-,-,-
629,STAT5B,2,-,-,-,-,-,+,-,-,-,-,-,-,-,-,-,+,-,-,-,-,-
630,STAT6,5,-,-,+,-,+,+,-,-,-,-,-,-,-,-,-,+,-,+,-,-,-
631,SYK,1,-,-,-,-,-,-,-,-,-,-,-,+,-,-,-,-,-,-,-,-,-
632,SYT17,1,-,-,-,-,+,-,-,-,-,-,-,-,-,-,-,-,-,-,-,-,-
633,TAB1,0,-,-,-,-,-,-,-,-,-,-,-,-,-,-,-,-,-,-,-,-,-
634,TAL1,1,-,-,-,-,-,-,-,-,-,-,-,-,-,-,-,+,-,-,-,-,-
635,TANK,0,-,-,-,-,-,-,-,-,-,-,-,-,-,-,-,-,-,-,-,-,-
636,TARP,1,-,-,-,-,+,-,-,-,-,-,-,-,-,-,-,-,-,-,-,-,-
637,TBK1,0,-,-,-,-,-,-,-,-,-,-,-,-,-,-,-,-,-,-,-,-,-
638,TBX21,4,-,-,+,-,+,-,-,-,-,-,-,-,-,-,-,+,-,+,-,-,-
639,TCF7,1,-,-,-,-,-,-,-,-,-,-,-,-,-,-,-,+,-,-,-,-,-
640,TFE3,0,-,-,-,-,-,-,-,-,-,-,-,-,-,-,-,-,-,-,-,-,-
641,TFEB,0,-,-,-,-,-,-,-,-,-,-,-,-,-,-,-,-,-,-,-,-,-
642,TFRC,0,-,-,-,-,-,-,-,-,-,-,-,-,-,-,-,-,-,-,-,-,-
643,TGFB1,2,-,-,-,-,-,-,-,-,-,+,-,-,-,-,-,+,-,-,-,-,-
644,TGFB2,1,-,-,-,-,-,-,-,-,-,+,-,-,-,-,-,-,-,-,-,-,-
645,THBD,1,-,-,-,-,-,-,-,-,-,-,+,-,-,-,-,-,-,-,-,-,-
646,THY1,0,-,-,-,-,-,-,-,-,-,-,-,-,-,-,-,-,-,-,-,-,-
647,TICAM1,1,-,-,-,-,-,-,-,-,-,-,-,+,-,-,-,-,-,-,-,-,-
648,TICAM2,0,-,-,-,-,-,-,-,-,-,-,-,-,-,-,-,-,-,-,-,-,-
649,TIGIT,3,-,-,+,-,+,-,-,-,-,-,-,-,-,-,-,-,-,+,-,-,-
650,TIRAP,0,-,-,-,-,-,-,-,-,-,-,-,-,-,-,-,-,-,-,-,-,-
651,TLR10,1,-,-,-,-,-,-,-,-,-,-,-,-,-,-,-,-,-,-,+,-,-
652,TLR2,1,-,-,-,-,-,-,-,-,-,-,-,-,-,-,-,-,-,-,+,-,-
653,TLR5,1,-,-,-,-,-,-,-,-,-,-,-,-,-,-,-,-,-,-,+,-,-
654,TLR6,1,-,-,-,-,-,-,-,-,-,-,-,-,-,-,-,-,-,-,+,-,-
655,TLR8,1,-,-,-,-,-,-,-,-,-,-,-,-,-,-,-,-,-,-,+,-,-
656,TLR9,1,-,-,-,-,-,-,-,-,-,-,-,-,-,-,-,-,-,-,+,-,-
657,TNF,2,-,-,-,-,-,-,-,-,-,+,-,-,-,-,-,-,-,-,-,+,-
658,TNFAIP3,1,-,-,-,-,-,-,-,-,-,-,-,-,-,-,-,-,-,-,-,+,-
659,TNFRSF10B,1,-,-,-,-,-,-,-,-,-,-,-,-,-,-,-,-,-,-,-,+,-
660,TNFRSF10C,1,-,-,-,-,-,-,-,-,-,-,-,-,-,-,-,-,-,-,-,+,-
661,TNFRSF11A,1,-,-,-,-,-,-,-,-,-,-,-,-,-,-,-,-,-,-,-,+,-
662,TNFRSF11B,1,-,-,-,-,-,-,-,-,-,-,-,-,-,-,-,-,-,-,-,+,-
663,TNFRSF12A,1,-,-,-,-,-,-,-,-,-,-,-,-,-,-,-,-,-,-,-,+,-
664,TNFRSF13B,2,-,-,-,-,-,+,-,-,-,-,-,-,-,-,-,-,-,-,-,+,-
665,TNFRSF13C,2,-,-,-,-,-,-,-,-,-,-,-,-,-,-,-,+,-,-,-,+,-
666,TNFRSF14,5,-,-,+,-,+,-,-,-,-,-,-,-,-,-,-,+,-,+,-,+,-
667,TNFRSF17,2,-,-,-,-,+,-,-,-,-,-,-,-,-,-,-,-,-,-,-,+,-
668,TNFRSF18,1,-,-,-,-,-,-,-,-,-,-,-,-,-,-,-,-,-,-,-,+,-
669,TNFRSF1A,2,-,-,-,-,-,+,-,-,-,-,-,-,-,-,-,-,-,-,-,+,-
670,TNFRSF1B,2,-,-,-,-,-,+,-,-,-,-,-,-,-,-,-,-,-,-,-,+,-
671,TNFRSF4,1,-,-,-,-,-,-,-,-,-,-,-,-,-,-,-,-,-,-,-,+,-
672,TNFRSF8,1,-,-,-,-,-,-,-,-,-,-,-,-,-,-,-,-,-,-,-,+,-
673,TNFRSF9,1,-,-,-,-,-,-,-,-,-,-,-,-,-,-,-,-,-,-,-,+,-
674,TNFSF11,2,-,-,-,-,-,-,-,-,-,-,-,-,-,-,-,-,-,-,-,+,+
675,TNFSF12,2,-,-,-,-,-,+,-,-,-,-,-,-,-,-,-,-,-,-,-,+,-
676,TNFSF13,2,-,-,-,-,-,-,-,-,-,-,-,-,-,-,-,+,-,-,-,+,-
677,TNFSF13B,2,-,-,-,-,-,-,-,-,-,-,-,-,-,-,-,+,-,-,-,+,-
678,TNFSF15,2,-,-,-,-,-,+,-,-,-,-,-,-,-,-,-,-,-,-,-,+,-
679,TNFSF18,4,-,-,+,-,+,-,-,-,-,-,-,-,-,-,-,-,-,+,-,+,-
680,TNFSF4,2,-,-,-,-,-,+,-,-,-,-,-,-,-,-,-,-,-,-,-,+,-
681,TOLLIP,0,-,-,-,-,-,-,-,-,-,-,-,-,-,-,-,-,-,-,-,-,-
682,TP53,3,-,-,+,-,+,-,-,-,-,-,-,-,-,-,-,-,-,+,-,-,-
683,TPSAB1,1,-,-,-,-,+,-,-,-,-,-,-,-,-,-,-,-,-,-,-,-,-
684,TRAF2,0,-,-,-,-,-,-,-,-,-,-,-,-,-,-,-,-,-,-,-,-,-
685,TRAF3,0,-,-,-,-,-,-,-,-,-,-,-,-,-,-,-,-,-,-,-,-,-
686,TRAF6,0,-,-,-,-,-,-,-,-,-,-,-,-,-,-,-,-,-,-,-,-,-
687,TREM1,0,-,-,-,-,-,-,-,-,-,-,-,-,-,-,-,-,-,-,-,-,-
688,TREM2,0,-,-,-,-,-,-,-,-,-,-,-,-,-,-,-,-,-,-,-,-,-
689,TXK,0,-,-,-,-,-,-,-,-,-,-,-,-,-,-,-,-,-,-,-,-,-
690,TXNIP,0,-,-,-,-,-,-,-,-,-,-,-,-,-,-,-,-,-,-,-,-,-
691,UBC,0,-,-,-,-,-,-,-,-,-,-,-,-,-,-,-,-,-,-,-,-,-
692,ULBP2,1,-,-,-,-,-,-,-,-,-,-,-,-,-,-,-,+,-,-,-,-,-
693,USP9Y,1,-,-,-,-,+,-,-,-,-,-,-,-,-,-,-,-,-,-,-,-,-
694,VEGFC,0,-,-,-,-,-,-,-,-,-,-,-,-,-,-,-,-,-,-,-,-,-
695,XCL2,1,-,-,-,-,-,+,-,-,-,-,-,-,-,-,-,-,-,-,-,-,-
696,XCR1,1,-,-,-,-,-,+,-,-,-,-,-,-,-,-,-,-,-,-,-,-,-
697,YTHDF2,0,-,-,-,-,-,-,-,-,-,-,-,-,-,-,-,-,-,-,-,-,-
698,ZAP70,0,-,-,-,-,-,-,-,-,-,-,-,-,-,-,-,-,-,-,-,-,-
699,ZNF205,1,-,-,-,-,+,-,-,-,-,-,-,-,-,-,-,-,-,-,-,-,-
